,Sample,Prediction
1,0.0,32714495153174.42
2,1.0,78495476252638.89
3,2.0,61971025300113.23
4,3.0,49661400031044.586
5,4.0,34705582603392.91
6,5.0,7383041095220.629
7,6.0,75329845150312.56
8,7.0,6880449986234.769
9,8.0,61432804132623.62
10,9.0,55191346168653.03
11,10.0,85457554966940.44
12,11.0,6469267953223.89
13,12.0,17361247316749.725
14,13.0,41385156446546.38
15,14.0,4254799762276.605
16,15.0,33541606375542.81
17,16.0,25940051917915.363
18,17.0,37705080247757.234
19,18.0,36248964667255.24
20,19.0,145924060029455.12
21,20.0,71089919304061.23
22,21.0,22148410199981.39
23,22.0,19201696723048.25
24,23.0,14744315686364.36
25,24.0,33972727040901.098
26,25.0,9919785895283.334
27,26.0,34374162304036.19
28,27.0,27502125160390.598
29,28.0,15955034682869.14
30,29.0,114213402780798.95
31,30.0,9080933673039.213
32,31.0,13924252054340.725
33,32.0,16830142142235.389
34,33.0,15018900203834.123
35,34.0,99141879004219.84
36,35.0,107393354660438.38
37,36.0,9428757107289.762
38,37.0,18575376146612.36
39,38.0,23143367601306.59
40,39.0,24943005150993.68
41,40.0,36209438582113.055
42,41.0,13823995986849.19
43,42.0,83315531833018.28
44,43.0,44774097055455.21
45,44.0,77721292395389.62
46,45.0,67090911367215.01
47,46.0,98013123754384.8
48,47.0,65922549689601.26
49,48.0,37207665727991.59
50,49.0,61107742996503.79
51,50.0,83534122873718.17
52,51.0,89613774237139.86
53,52.0,30217702462234.93
54,53.0,127687308476980.84
55,54.0,101085466568888.86
56,55.0,37485325548639.03
57,56.0,74732493095824.4
58,57.0,27777785130040.79
59,58.0,100100143863692.12
60,59.0,64376247891837.11
61,60.0,75561089818363.78
62,61.0,81408303843498.44
63,62.0,7169162909095.453
64,63.0,37325484329312.3
65,64.0,49940514277367.94
66,65.0,42997950609546.82
67,66.0,17747157889620.086
68,67.0,32480401799217.49
69,68.0,43392447550680.19
70,69.0,60613967920144.56
71,70.0,31073641105732.33
72,71.0,44416743433505.18
73,72.0,10112473642206.871
74,73.0,6528915158778.984
75,74.0,63727173147419.49
76,75.0,24640461312829.0
77,76.0,7494173463952.594
78,77.0,10958578235264.195
79,78.0,38472300414594.66
80,79.0,26268969032495.37
81,80.0,29826126700261.48
82,81.0,65104206676752.56
83,82.0,51145357699994.96
84,83.0,14126128615625.582
85,84.0,29078290016990.65
86,85.0,29655921980288.914
87,86.0,32528039436076.46
88,87.0,25586553420309.41
89,88.0,16513514472029.506
90,89.0,39434252743250.68
91,90.0,71649582860275.03
92,91.0,12306131049394.816
93,92.0,7230206602599.498
94,93.0,2906390611226.213
95,94.0,84556500345399.4
96,95.0,4641686437916.29
97,96.0,82594007430002.5
98,97.0,22524092344733.76
99,98.0,22973876977777.88
100,99.0,60696988232683.92
101,100.0,79869521466635.27
102,101.0,9877169251520.488
103,102.0,54770038294533.47
104,103.0,106395438488588.05
105,104.0,10592839205910.176
106,105.0,95416210216349.8
107,106.0,3900211955137.9697
108,107.0,79824969673996.17
109,108.0,16991383020052.938
110,109.0,17316148507670.914
111,110.0,91499136902074.64
112,111.0,75673046150266.83
113,112.0,111081501730447.1
114,113.0,19453207238046.453
115,114.0,114358804587275.95
116,115.0,68711610342996.35
117,116.0,17615334890738.617
118,117.0,11177738441187.057
119,118.0,66024512910613.46
120,119.0,33704790087257.17
121,120.0,5224345521271.455
122,121.0,36235648479248.85
123,122.0,147006063974358.62
124,123.0,17051286833349.549
125,124.0,47680316928659.64
126,125.0,12223025686690.164
127,126.0,22371310942717.26
128,127.0,83840765310099.25
129,128.0,5927458058466.046
130,129.0,47970652559086.766
131,130.0,8052781771120.6
132,131.0,30991932868692.227
133,132.0,20117075401579.914
134,133.0,39688428501484.24
135,134.0,10673790770343.56
136,135.0,35887542592125.88
137,136.0,44422743348709.22
138,137.0,42942139119238.35
139,138.0,59318050405714.73
140,139.0,19997706152404.984
141,140.0,27254169354663.625
142,141.0,25075714332646.863
143,142.0,12086518816701.244
144,143.0,118173479294360.12
145,144.0,54794499953007.97
146,145.0,62430540049875.086
147,146.0,43341751525384.55
148,147.0,25091636891116.137
149,148.0,15832519133106.834
150,149.0,13505438868709.2
151,150.0,24333854789214.457
152,151.0,22448358764820.246
153,152.0,19814274464455.19
154,153.0,66221388683068.65
155,154.0,9932947150647.348
156,155.0,-1344140367779.4597
157,156.0,17493721735855.287
158,157.0,35687877231899.664
159,158.0,2387594908443.313
160,159.0,23206340258679.36
161,160.0,31016386731938.31
162,161.0,39310181415035.62
163,162.0,115264654710467.06
164,163.0,78298510465697.45
165,164.0,41801668115506.61
166,165.0,76649634902473.36
167,166.0,65851362988216.43
168,167.0,71653542137215.19
169,168.0,42748446828723.54
170,169.0,188655983959597.28
171,170.0,47077729405715.17
172,171.0,82447718008573.83
173,172.0,25567768577564.656
174,173.0,42420463354143.02
175,174.0,43613309387786.0
176,175.0,15293899881659.896
177,176.0,35353020293016.58
178,177.0,26412395285393.656
179,178.0,58415543312202.91
180,179.0,82007022208284.58
181,180.0,96620293767279.9
182,181.0,56806815602432.67
183,182.0,15961527615070.557
184,183.0,20847429822745.87
185,184.0,109427390082054.28
186,185.0,69728920651432.53
187,186.0,56311723666219.69
188,187.0,14791136960444.418
189,188.0,42999375218280.25
190,189.0,51630394608527.25
191,190.0,20490255216944.64
192,191.0,12748555320569.762
193,192.0,-3972018757153.6494
194,193.0,27355563964322.293
195,194.0,22936842350816.203
196,195.0,33375861336095.1
197,196.0,28252605018371.61
198,197.0,26327681639639.297
199,198.0,38598657199698.89
200,199.0,59805887270646.8
201,200.0,127012674145769.6
202,201.0,91602849016139.66
203,202.0,119459014845397.44
204,203.0,208113371974151.4
205,204.0,31820798261985.81
206,205.0,131327573594478.1
207,206.0,109734660509815.98
208,207.0,97157998575800.06
209,208.0,92576410770607.36
210,209.0,107941233568279.92
211,210.0,113417734993921.84
212,211.0,180105721175795.38
213,212.0,20783710211932.523
214,213.0,28013686519958.727
215,214.0,73809244593537.6
216,215.0,75099888699135.33
217,216.0,76546862627900.38
218,217.0,192479815465141.56
219,218.0,145796381831809.78
220,219.0,87613362277920.72
221,220.0,23353862089885.07
222,221.0,107718640594234.1
223,222.0,21682636588201.84
224,223.0,5324796171386.282
225,224.0,5947718813048.614
226,225.0,17041482225769.646
227,226.0,13084485388179.793
228,227.0,9817303499173.098
229,228.0,9059277284587.434
230,229.0,49743650513425.59
231,230.0,35553519655392.12
232,231.0,54199603023682.63
233,232.0,25646110886916.7
234,233.0,52222125136072.26
235,234.0,14814619646542.686
236,235.0,82161104767346.48
237,236.0,14814619646558.44
238,237.0,106292990448616.88
239,238.0,18912647469785.867
240,239.0,70780833635124.53
241,240.0,62878280851255.02
242,241.0,30595642766146.496
243,242.0,30392284840551.96
244,243.0,113691639081656.66
245,244.0,47012103821150.57
246,245.0,193886024383050.88
247,246.0,22632132093245.977
248,247.0,21590749926897.547
249,248.0,25511247492895.105
250,249.0,26196577580226.37
251,250.0,55713965082774.17
252,251.0,34883686976947.383
253,252.0,121398901170013.5
254,253.0,66440881554004.74
255,254.0,34847649856094.723
256,255.0,15955034680385.596
257,256.0,17056625853714.12
258,257.0,14117301442980.594
259,258.0,11771524546914.123
260,259.0,38293548176955.81
261,260.0,12769630408674.59
262,261.0,12769630403249.443
263,262.0,66335796109888.43
264,263.0,23060936513745.08
265,264.0,54699059982525.64
266,265.0,3981995772487.866
267,266.0,19446727818489.16
268,267.0,-6415032687480.423
269,268.0,25938458751570.586
270,269.0,34740355097140.81
271,270.0,-9510160949477.691
272,271.0,47401486792554.56
273,272.0,60472656411884.445
274,273.0,44659645532549.98
275,274.0,46564996383262.65
276,275.0,514294812326.8117
277,276.0,149031476994348.53
278,277.0,46205832963203.63
279,278.0,30590587765079.043
280,279.0,31514509379775.875
281,280.0,81181647486763.23
282,281.0,38836487375081.07
283,282.0,40588606716086.22
284,283.0,107288934523770.62
285,284.0,39696311470085.5
286,285.0,54184332412716.16
287,286.0,69156541383301.02
288,287.0,33211535553760.06
289,288.0,52303293466458.25
290,289.0,77084791546302.73
291,290.0,61388852805266.54
292,291.0,46632594459881.99
293,292.0,26675145196064.02
294,293.0,64443812135197.92
295,294.0,82639795921892.6
296,295.0,53061856117108.24
297,296.0,30934376043592.484
298,297.0,77052628928990.31
299,298.0,81343591069713.77
300,299.0,25677288495515.168
301,300.0,82167784494416.42
302,301.0,38454912313723.97
303,302.0,71348018778001.28
304,303.0,8164350758777.621
305,304.0,105841858591933.02
306,305.0,107218384656334.3
307,306.0,115624807115621.23
308,307.0,67990388699373.78
309,308.0,54211293480208.66
310,309.0,54275038131057.61
311,310.0,38188472681483.68
312,311.0,19687610783406.33
313,312.0,6218235258163.708
314,313.0,35802553581315.73
315,314.0,42573365109884.12
316,315.0,42943722102991.27
317,316.0,47789810234436.29
318,317.0,69880662757432.29
319,318.0,42124847736907.766
320,319.0,54563361823624.51
321,320.0,40392715450796.02
322,321.0,2907128721494.842
323,322.0,3419385730432.768
324,323.0,9357448515130.42
325,324.0,12190921259305.447
326,325.0,182658069626321.8
327,326.0,19781533654969.727
328,327.0,990725783700.4476
329,328.0,7311725299148.154
330,329.0,2928886003346.3115
331,330.0,24667554345522.477
332,331.0,45521468984252.16
333,332.0,64846575016678.84
334,333.0,55512520658303.56
335,334.0,47478571467579.68
336,335.0,35064740873633.93
337,336.0,43428425985479.5
338,337.0,10533721639941.031
339,338.0,38836330122063.12
340,339.0,54504679103563.99
341,340.0,7914851935982.515
342,341.0,89641797299582.83
343,342.0,18602494866425.32
344,343.0,67764806515832.44
345,344.0,63581659283051.305
346,345.0,7256346105038.3
347,346.0,54824638654085.54
348,347.0,18884561140725.77
349,348.0,11934971637314.922
350,349.0,40245448753101.86
351,350.0,26916682878672.742
352,351.0,7067587990041.165
353,352.0,30144217875722.82
354,353.0,5020521941575.478
355,354.0,10754164250938.348
356,355.0,6574644275979.263
357,356.0,11639684794428.25
358,357.0,21325695538204.41
359,358.0,3612348767630.06
360,359.0,7833668353443.543
361,360.0,79315703996326.86
362,361.0,7847062917147.47
363,362.0,15110681396956.34
364,363.0,31460100919753.91
365,364.0,28604097385141.83
366,365.0,27574692713256.2
367,366.0,9888858567450.213
368,367.0,31039352607546.547
369,368.0,20069181504426.18
370,369.0,15077931102586.264
371,370.0,34748417847906.246
372,371.0,19275306943207.043
373,372.0,61211021765661.43
374,373.0,11102655635241.398
375,374.0,23843858207822.06
376,375.0,18304523237458.52
377,376.0,53098120586763.95
378,377.0,17874892734513.293
379,378.0,3355371410207.9946
380,379.0,92292947772245.44
381,380.0,87747191862859.88
382,381.0,4473590439250.221
383,382.0,44637827588299.12
384,383.0,52155227936710.914
385,384.0,57566940166470.32
386,385.0,51180447903265.32
387,386.0,69282215807266.805
388,387.0,13272212419985.371
389,388.0,51200313020084.76
390,389.0,27980956778834.152
391,390.0,35541039103694.68
392,391.0,23088772658886.6
393,392.0,36130489125030.45
394,393.0,33483367158693.81
395,394.0,30502811044309.12
396,395.0,46879763367264.17
397,396.0,50594592233085.78
398,397.0,43787925383725.71
399,398.0,59174132229319.51
400,399.0,89336413957934.03
401,400.0,58020026817214.38
402,401.0,76700618947481.8
403,402.0,76700618945536.89
404,403.0,76700618945542.95
405,404.0,98254309263316.22
406,405.0,102068830486153.98
407,406.0,23612256482635.96
408,407.0,122022001198945.94
409,408.0,76130031679156.48
410,409.0,72930517317363.78
411,410.0,26068907765169.48
412,411.0,4529566666466.971
413,412.0,52698932458964.37
414,413.0,57347790863492.95
415,414.0,84329754887915.5
416,415.0,50977216366397.72
417,416.0,103830579392440.02
418,417.0,25885134434758.246
419,418.0,46475926312440.93
420,419.0,50301416679673.47
421,420.0,107976827578108.6
422,421.0,18071902841896.023
423,422.0,9699370062685.96
424,423.0,13131332801734.826
425,424.0,105940563009954.4
426,425.0,121910769386622.02
427,426.0,93236798182451.69
428,427.0,122942363556469.48
429,428.0,2010146977103.886
430,429.0,42354422160285.36
431,430.0,57992878647522.61
432,431.0,20558733321074.99
433,432.0,95952359208839.28
434,433.0,30044322781027.44
435,434.0,70365199527141.945
436,435.0,50511997714701.625
437,436.0,60064091309492.06
438,437.0,3441193463070.8145
439,438.0,25465306180751.723
440,439.0,2103416529296.0852
441,440.0,55395352645245.24
442,441.0,68450591658870.56
443,442.0,46833797153217.33
444,443.0,4886221895610.356
445,444.0,8322403502739.511
446,445.0,17378285950152.238
447,446.0,89185092925837.62
448,447.0,-2443415614110.521
449,448.0,30027978710954.004
450,449.0,-151045268860.381
451,450.0,62069625861225.88
452,451.0,104126759169394.3
453,452.0,64350424945658.914
454,453.0,-3831226462024.5454
455,454.0,124834396244975.2
456,455.0,-1221047587295288.0
457,456.0,37266992735959.945
458,457.0,56680365206337.42
459,458.0,76202250307891.16
460,459.0,31310010846350.195
461,460.0,150290301609801.1
462,461.0,100353966369601.94
463,462.0,70023454327287.61
464,463.0,62343193356079.92
465,464.0,20640920258227.957
466,465.0,144314940824470.28
467,466.0,43610528355119.87
468,467.0,64427555203320.24
469,468.0,47225994236436.98
470,469.0,27921649153966.305
471,470.0,50096595857473.3
472,471.0,22893045612553.05
473,472.0,32201601329068.176
474,473.0,56325133562652.78
475,474.0,34726849879609.9
476,475.0,65615915895178.28
477,476.0,19877179797514.266
478,477.0,50658788543224.93
479,478.0,72592567188177.88
480,479.0,17854025688806.47
481,480.0,11410721385899.14
482,481.0,42494854682030.84
483,482.0,40039593386831.56
484,483.0,23458923524749.266
485,484.0,122021294083448.08
486,485.0,20346818736101.77
487,486.0,97277336332936.48
488,487.0,24224834226193.207
489,488.0,93619504266032.69
490,489.0,65104995525997.2
491,490.0,114749022349334.08
492,491.0,77145260981905.55
493,492.0,71543325317549.31
494,493.0,34141198867341.688
495,494.0,22178679152299.645
496,495.0,93986880534978.5
497,496.0,22877163182839.44
498,497.0,88693463626613.72
499,498.0,11480737573492.297
500,499.0,23464427424445.188
501,500.0,-2887708180048.201
502,501.0,25819724941098.094
503,502.0,27421583964154.867
504,503.0,24412428741537.35
505,504.0,19282336054228.598
506,505.0,35182634477668.93
507,506.0,91947202854640.42
508,507.0,153226100900675.75
509,508.0,126477626350871.6
510,509.0,131698315690086.98
511,510.0,105189591210509.98
512,511.0,107501663960772.12
513,512.0,17103737730825.73
514,513.0,76800598734295.06
515,514.0,197499254780889.03
516,515.0,99899735490917.08
517,516.0,101537094760947.48
518,517.0,40083018499653.74
519,518.0,59812859446964.19
520,519.0,21800226091699.34
521,520.0,110926577553635.84
522,521.0,73959926009598.88
523,522.0,21290801358582.09
524,523.0,7233261347898.434
525,524.0,92839088171130.08
526,525.0,100563978881369.42
527,526.0,18995688496282.605
528,527.0,8295828224637.216
529,528.0,9669301957747.05
530,529.0,11441232055610.46
531,530.0,76546862629555.06
532,531.0,50263053510992.336
533,532.0,4555303494563.7705
534,533.0,73883403289689.58
535,534.0,10983544761629.512
536,535.0,21164721541358.445
537,536.0,29751464388698.75
538,537.0,146977967673299.1
539,538.0,72145919251425.8
540,539.0,24679288495727.49
541,540.0,12637979324026.842
542,541.0,97206933610667.08
543,542.0,22849470824265.45
544,543.0,60136364310384.49
545,544.0,66040749737516.22
546,545.0,22406142022099.406
547,546.0,29493002828662.83
548,547.0,73750108208757.47
549,548.0,381263608287.4131
550,549.0,9203449220975.97
551,550.0,19763941395315.53
552,551.0,14239816996995.646
553,552.0,30079795769155.32
554,553.0,49133824601040.52
555,554.0,43501453496849.58
556,555.0,39333816128103.11
557,556.0,35482159453907.04
558,557.0,-8182166874385.588
559,558.0,54065220324057.336
560,559.0,62934940858047.375
561,560.0,36444771078720.81
562,561.0,73707847480578.92
563,562.0,4659557122562.211
564,563.0,82941583801639.23
565,564.0,73235317932197.39
566,565.0,18538103791649.71
567,566.0,25623555841855.17
568,567.0,4630169057985.091
569,568.0,42122599988091.07
570,569.0,95147466734054.8
571,570.0,83103550636990.02
572,571.0,83879124906668.78
573,572.0,99447073216983.5
574,573.0,42635598094121.34
575,574.0,54812196396318.0
576,575.0,51123708937054.375
577,576.0,64128941522248.54
578,577.0,26832359239179.285
579,578.0,35598499321252.73
580,579.0,75190871250452.19
581,580.0,92335085462956.69
582,581.0,12979464902016.936
583,582.0,75410042917881.39
584,583.0,51229696421601.84
585,584.0,59410820842202.055
586,585.0,28420991765652.62
587,586.0,52373798368872.94
588,587.0,12300761131352.229
589,588.0,31575767143655.566
590,589.0,47283658618924.69
591,590.0,31842817696690.72
592,591.0,12769630403914.107
593,592.0,46723408504415.08
594,593.0,5229226884660.297
595,594.0,70996884726249.34
596,595.0,30499828957515.6
597,596.0,44404062831980.36
598,597.0,54622140174932.19
599,598.0,53133353816401.83
600,599.0,94416395997488.84
601,600.0,91939969401898.22
602,601.0,62056896860278.27
603,602.0,18683266841940.91
604,603.0,40974797824207.086
605,604.0,43724023226371.76
606,605.0,50764474333668.75
607,606.0,71187320384054.06
608,607.0,34516140316994.367
609,608.0,24236213841435.01
610,609.0,4006440726500.5376
611,610.0,-768337739835.3068
612,611.0,26054776465647.617
613,612.0,61178552163725.03
614,613.0,59649517956181.305
615,614.0,56418706671023.71
616,615.0,33160079155182.168
617,616.0,35179530004728.383
618,617.0,35292485257658.586
619,618.0,28043709508273.69
620,619.0,9835736654721.012
621,620.0,50477939990932.84
622,621.0,33781047019600.805
623,622.0,42700821561746.32
624,623.0,3917882004016.6816
625,624.0,12861517065147.506
626,625.0,40045171089441.47
627,626.0,13607858622644.057
628,627.0,3565955759635.83
629,628.0,-768337741758.4036
630,629.0,5324796163733.884
631,630.0,24592366165155.707
632,631.0,21979475247830.496
633,632.0,36334107009102.65
634,633.0,12200640389269.09
635,634.0,46848378168441.42
636,635.0,15309547635772.4
637,636.0,1980602891412.8408
638,637.0,38428759293533.99
639,638.0,-8884992853739.004
640,639.0,52174435604770.59
641,640.0,9584287359044.107
642,641.0,15084598502498.229
643,642.0,10141579658479.262
644,643.0,50489183281899.26
645,644.0,16481022154200.498
646,645.0,2976679990046.3584
647,646.0,25972879199247.805
648,647.0,21602747246627.09
649,648.0,17016444509267.504
650,649.0,35660579405735.33
651,650.0,29512338294358.95
652,651.0,31093255124963.504
653,652.0,48342921507693.36
654,653.0,8496599023721.756
655,654.0,47766851289575.41
656,655.0,7715864018866.265
657,656.0,16708708815160.389
658,657.0,28095814176192.54
659,658.0,10134552240206.36
660,659.0,4226295257956.169
661,660.0,30719691284078.477
662,661.0,4219962615981.68
663,662.0,21036194292024.24
664,663.0,40069882886064.36
665,664.0,36023005612086.83
666,665.0,25627247154413.81
667,666.0,-483925695338676.1
668,667.0,9265644054141.39
669,668.0,2172035428363.1155
670,669.0,30626158752255.13
671,670.0,124905915254412.8
672,671.0,8176300665769.93
673,672.0,10503092753703.604
674,673.0,13668322126124.14
675,674.0,8620153959656.716
676,675.0,12558374187760.057
677,676.0,11106540769370.213
678,677.0,63861465015006.125
679,678.0,47970652560984.414
680,679.0,57601271721747.65
681,680.0,51901764471035.27
682,681.0,25674279787483.664
683,682.0,-3126089259077.53
684,683.0,93369778670227.48
685,684.0,48675926580915.23
686,685.0,69123962059163.49
687,686.0,110668553135915.69
688,687.0,35851183277527.22
689,688.0,52319132149242.375
690,689.0,63708016341894.49
691,690.0,1351397589175.5183
692,691.0,90107176470132.0
693,692.0,80612734826759.83
694,693.0,60472656408897.41
695,694.0,22326508469302.645
696,695.0,72739080163454.47
697,696.0,110414064142689.58
698,697.0,48035822645048.17
699,698.0,36701056099598.055
700,699.0,2261907452780.28
701,700.0,28114702902305.27
702,701.0,182064592053237.03
703,702.0,106944859728883.16
704,703.0,76667905990046.52
705,704.0,37394838426519.64
706,705.0,55233336957070.414
707,706.0,105890076164590.9
708,707.0,55021489039155.31
709,708.0,41599878476052.16
710,709.0,54936149622055.56
711,710.0,71416878906500.72
712,711.0,30443594793983.465
713,712.0,31966085246205.49
714,713.0,24118583449933.074
715,714.0,100683284846683.56
716,715.0,132073253264690.05
717,716.0,20433381898648.555
718,717.0,11852099718907.186
719,718.0,47039573318256.9
720,719.0,132886128477352.1
721,720.0,24445576736662.59
722,721.0,30140793864509.93
723,722.0,22091054709004.41
724,723.0,51117080666373.69
725,724.0,52102768592719.97
726,725.0,79356620738477.19
727,726.0,35303240590417.23
728,727.0,22346350370898.08
729,728.0,179043717103139.06
730,729.0,39082206186927.45
731,730.0,39082206183492.055
732,731.0,52896396562233.766
733,732.0,-618676213141.0981
734,733.0,28634607261858.09
735,734.0,56693728493893.78
736,735.0,32728624629289.145
737,736.0,24131192919450.207
738,737.0,26543353585687.688
739,738.0,14523491315545.535
740,739.0,27999869674308.008
741,740.0,2890187069617.5664
742,741.0,33398818099846.79
743,742.0,9212853429093.115
744,743.0,67322057389157.16
745,744.0,10901055083175.229
746,745.0,44102346447424.33
747,746.0,35751403471413.46
748,747.0,57924780037318.67
749,748.0,108289664733438.0
750,749.0,21007800473669.65
751,750.0,25481418929670.668
752,751.0,4784717313202.083
753,752.0,5065302973980.974
754,753.0,42171238449261.305
755,754.0,15140131478305.54
756,755.0,39882389755886.766
757,756.0,-1225086956230773.0
758,757.0,21374636162915.06
759,758.0,8350773831439.223
760,759.0,-9014258282868.996
761,760.0,124834396244947.31
762,761.0,124644989744680.52
763,762.0,89930447838112.14
764,763.0,11993732698743.217
765,764.0,33379738842049.227
766,765.0,119192555704021.12
767,766.0,86731434767718.06
768,767.0,92521466132037.92
769,768.0,61336598400760.63
770,769.0,12705723115021.877
771,770.0,7936759169620.05
772,771.0,24439236433573.56
773,772.0,74537983981994.45
774,773.0,88861808595838.23
775,774.0,108511853545800.4
776,775.0,92949395859827.86
777,776.0,139465005496396.69
778,777.0,103687612870926.9
779,778.0,12095794885233.049
780,779.0,70427044752590.06
781,780.0,64532169767780.78
782,781.0,59776276275471.11
783,782.0,38850327778497.25
784,783.0,29639392519404.49
785,784.0,26935782208005.523
786,785.0,65502963652495.52
787,786.0,21594480835739.44
788,787.0,37857930733712.47
789,788.0,45409901993846.84
790,789.0,47880003523052.414
791,790.0,-1214061757104487.0
792,791.0,80951408480425.9
793,792.0,13609078757254.592
794,793.0,35112260527755.13
795,794.0,68599752820272.96
796,795.0,31524137989959.902
797,796.0,16445953290085.418
798,797.0,15420317718252.523
799,798.0,11076121272864.242
800,799.0,44640835064810.73
801,800.0,30934745432373.785
802,801.0,78639142299241.55
803,802.0,86086607735682.8
804,803.0,113775854903068.64
805,804.0,96423507000999.95
806,805.0,79090081876278.94
807,806.0,147207464655126.72
808,807.0,121556036421186.2
809,808.0,34379577619463.945
810,809.0,25957133506822.777
811,810.0,117653380344089.3
812,811.0,72189555298066.16
813,812.0,65265256948395.88
814,813.0,80001144606403.11
815,814.0,35615335671419.4
816,815.0,45884259424889.49
817,816.0,72372926277508.9
818,817.0,69319149437259.67
819,818.0,-3944025580585.331
820,819.0,26763202283274.844
821,820.0,19599872252110.773
822,821.0,77704557299356.56
823,822.0,18130139650023.34
824,823.0,2515099424745.946
825,824.0,51173603402202.95
826,825.0,55364302260845.945
827,826.0,108588290319738.8
828,827.0,30534385000746.016
829,828.0,141214054850448.75
830,829.0,126198130469583.84
831,830.0,23115327477082.656
832,831.0,134077272758663.08
833,832.0,172916712157360.2
834,833.0,38015053486148.07
835,834.0,156035512030613.88
836,835.0,30531713704422.49
837,836.0,65582150174492.43
838,837.0,33842304823886.133
839,838.0,38976306713026.08
840,839.0,80867020887703.14
841,840.0,54478223915029.5
842,841.0,103563671145755.05
843,842.0,38986213895808.914
844,843.0,21592564890896.977
845,844.0,74016257738488.19
846,845.0,84524452922515.03
847,846.0,69190257437216.055
848,847.0,27784125446238.867
849,848.0,81285863227205.02
850,849.0,20739481390986.0
851,850.0,85756997476579.22
852,851.0,6549951660660.169
853,852.0,6790496505305.756
854,853.0,2382991492606.2334
855,854.0,5805480057600.648
856,855.0,6330288335760.606
857,856.0,78083217794496.34
858,857.0,6204216372900.913
859,858.0,5324796172596.245
860,859.0,17442155564422.604
861,860.0,100769931336643.88
862,861.0,17425221267832.955
863,862.0,69036549702227.3
864,863.0,25386762681448.586
865,864.0,25685559798819.1
866,865.0,13669214971282.76
867,866.0,11212714449138.11
868,867.0,48910801816073.24
869,868.0,45814848827505.75
870,869.0,12627322927967.244
871,870.0,113452176173494.44
872,871.0,87090464394658.7
873,872.0,96538560429319.48
874,873.0,21182130233328.863
875,874.0,40555823769998.8
876,875.0,105482397359406.02
877,876.0,20579996648825.367
878,877.0,104049514422242.88
879,878.0,27646149641220.504
880,879.0,139590337640402.31
881,880.0,25449989714417.09
882,881.0,75029462111155.36
883,882.0,74887972364622.72
884,883.0,14710170378480.096
885,884.0,21703053191234.656
886,885.0,21168285809430.523
887,886.0,19538614485085.902
888,887.0,33906763897719.438
889,888.0,6044748373515.001
890,889.0,61197635810624.34
891,890.0,27383511900954.0
892,891.0,30258725008876.6
893,892.0,21844804670905.78
894,893.0,12340825987250.9
895,894.0,13657868136122.28
896,895.0,58867261750600.266
897,896.0,24709337692530.797
898,897.0,44218083769515.28
899,898.0,1769912068587.422
900,899.0,5926778505581.41
901,900.0,62531473795844.48
902,901.0,72617068955160.39
903,902.0,60837728110799.984
904,903.0,73226642352398.0
905,904.0,75382937748717.03
906,905.0,17965665389646.88
907,906.0,31606564479375.89
908,907.0,80096981718253.31
909,908.0,26123825232916.37
910,909.0,42795061584119.86
911,910.0,34040420089122.395
912,911.0,20657857434629.527
913,912.0,79513143422548.5
914,913.0,80614847012546.33
915,914.0,27258144369730.703
916,915.0,169830236602746.97
917,916.0,139353971298469.56
918,917.0,19172836054948.32
919,918.0,94934176813971.7
920,919.0,76513378179604.25
921,920.0,76621127400836.39
922,921.0,60740885893713.06
923,922.0,27471496266916.406
924,923.0,69215135184666.0
925,924.0,62873317600358.91
926,925.0,43675334172861.94
927,926.0,45407091372429.95
928,927.0,42859278449034.38
929,928.0,38287721791915.1
930,929.0,37727180806788.42
931,930.0,53027349949276.76
932,931.0,6031275222534.12
933,932.0,57875938423322.67
934,933.0,42217084807082.74
935,934.0,38929075288052.24
936,935.0,15679074400684.596
937,936.0,119364862900662.12
938,937.0,10065426040638.988
939,938.0,18206122837732.24
940,939.0,4356624176256.1367
941,940.0,2710651491013.92
942,941.0,39023427532611.47
943,942.0,26430114096584.246
944,943.0,67058219950125.83
945,944.0,56288187337984.27
946,945.0,63254605542132.46
947,946.0,67702488046664.64
948,947.0,29354684222605.09
949,948.0,13688497018742.545
950,949.0,79159384412103.47
951,950.0,39694956837419.87
952,951.0,76363314489728.25
953,952.0,34347192835365.293
954,953.0,46467955554903.48
955,954.0,26430114095937.152
956,955.0,35942028284551.64
957,956.0,-8392906756907.923
958,957.0,-3327886425687.7466
959,958.0,19846490016126.395
960,959.0,57835399807870.27
961,960.0,70027949217281.81
962,961.0,25659855215593.203
963,962.0,14186630912001.62
964,963.0,107398324437465.69
965,964.0,43419001708021.07
966,965.0,64786576211884.055
967,966.0,6687466482135.626
968,967.0,24016422249816.69
969,968.0,17451204795684.172
970,969.0,68806542243949.27
971,970.0,52412324512974.805
972,971.0,47281775904685.625
973,972.0,54531323645788.4
974,973.0,64041080664638.266
975,974.0,87253317557878.67
976,975.0,27173936711643.25
977,976.0,894299796777.2306
978,977.0,55221487361453.234
979,978.0,10454131241702.404
980,979.0,25902486536361.816
981,980.0,60057922994688.7
982,981.0,8267183983039.682
983,982.0,17246455871048.99
984,983.0,10777089138346.027
985,984.0,4810272642500.037
986,985.0,19685054892307.46
987,986.0,15697266363147.477
988,987.0,22288046060161.64
989,988.0,11985327854590.742
990,989.0,30979492342752.684
991,990.0,23973733419669.293
992,991.0,36464117176442.69
993,992.0,29429688197149.56
994,993.0,51147853682488.38
995,994.0,25589436250034.39
996,995.0,67986156947832.83
997,996.0,23837071544506.223
998,997.0,18883080304557.59
999,998.0,5724986349122.925
1000,999.0,11647853119482.35
1001,1000.0,16759262825073.924
1002,1001.0,13232215196484.25
1003,1002.0,34279260794794.164
1004,1003.0,19340681043265.883
1005,1004.0,5085185661726.996
1006,1005.0,14778025354551.832
1007,1006.0,24801800953288.977
1008,1007.0,16113254256711.418
1009,1008.0,9801778946991.434
1010,1009.0,69825055609698.17
1011,1010.0,26949704482849.85
1012,1011.0,43798802306925.56
1013,1012.0,48236961849133.695
1014,1013.0,27827705312666.4
1015,1014.0,47410236517208.98
1016,1015.0,38899282080075.63
1017,1016.0,70131545477657.12
1018,1017.0,74119141968424.16
1019,1018.0,38630763800415.59
1020,1019.0,-3282514306225.685
1021,1020.0,7060220487103.6455
1022,1021.0,55345591068930.586
1023,1022.0,10005163887163.88
1024,1023.0,1352706707597.8682
1025,1024.0,9334794021266.271
1026,1025.0,35138148235735.75
1027,1026.0,69849259840542.43
1028,1027.0,25228945306126.062
1029,1028.0,72842413460358.95
1030,1029.0,-247049022636774.72
1031,1030.0,31003468302732.004
1032,1031.0,28961157207173.12
1033,1032.0,58451325815542.87
1034,1033.0,78345346536979.38
1035,1034.0,33237608847675.105
1036,1035.0,100206194245839.05
1037,1036.0,44207592129951.2
1038,1037.0,34138094087173.41
1039,1038.0,28118204773665.816
1040,1039.0,9330427019705.465
1041,1040.0,55442435701370.06
1042,1041.0,83334006470737.84
1043,1042.0,11874320143650.805
1044,1043.0,16805736809617.707
1045,1044.0,53055398871098.76
1046,1045.0,29391986442443.438
1047,1046.0,44194868688241.24
1048,1047.0,29391986441747.266
1049,1048.0,27282796901694.73
1050,1049.0,27139192811060.01
1051,1050.0,17547736813861.16
1052,1051.0,11080318923684.14
1053,1052.0,44344854961092.52
1054,1053.0,28942505749107.39
1055,1054.0,45192671276668.46
1056,1055.0,37192543887070.66
1057,1056.0,35882879967865.67
1058,1057.0,47425763453968.2
1059,1058.0,36145876799590.17
1060,1059.0,51067192165869.016
1061,1060.0,9611969652249.7
1062,1061.0,67858714823984.13
1063,1062.0,49167489980754.695
1064,1063.0,42427293108693.56
1065,1064.0,58235366018848.18
1066,1065.0,45039173276876.64
1067,1066.0,321601358948.7438
1068,1067.0,16032442655646.842
1069,1068.0,48106304763319.1
1070,1069.0,40814875667894.24
1071,1070.0,120364175935602.22
1072,1071.0,56874137952180.77
1073,1072.0,10215729869424.316
1074,1073.0,42485930595331.38
1075,1074.0,107763328755997.2
1076,1075.0,76970867175837.1
1077,1076.0,78350428027632.05
1078,1077.0,5691221256055.514
1079,1078.0,60984587152471.21
1080,1079.0,19385470046987.363
1081,1080.0,5781425572231.858
1082,1081.0,6790496504236.965
1083,1082.0,67291290273701.29
1084,1083.0,-1005440395097.2672
1085,1084.0,14605093126589.297
1086,1085.0,14760508074366.943
1087,1086.0,44752843967238.91
1088,1087.0,43167753473128.48
1089,1088.0,44333268449325.73
1090,1089.0,391641417564000.2
1091,1090.0,52866929780903.3
1092,1091.0,-8195134399820.376
1093,1092.0,39082206184656.57
1094,1093.0,15250570261531.018
1095,1094.0,5953236520970.565
1096,1095.0,37028487754398.18
1097,1096.0,48811122728346.46
1098,1097.0,49909328817564.64
1099,1098.0,45524668151839.65
1100,1099.0,14735808620303.766
1101,1100.0,15757050926053.531
1102,1101.0,14039101091102.057
1103,1102.0,4321023101199.05
1104,1103.0,10671174093873.14
1105,1104.0,42964197130858.0
1106,1105.0,38138921566465.86
1107,1106.0,40355317685251.37
1108,1107.0,35031141666044.63
1109,1108.0,76317289633360.64
1110,1109.0,19383094859975.79
1111,1110.0,30105580567382.04
1112,1111.0,47210708440778.6
1113,1112.0,58403915393011.37
1114,1113.0,115562507053728.38
1115,1114.0,27706476668263.047
1116,1115.0,11316746567576.814
1117,1116.0,-467882297691006.8
1118,1117.0,3642222013191.819
1119,1118.0,43780943528147.34
1120,1119.0,17755299518654.766
1121,1120.0,73473753007147.62
1122,1121.0,60111563881116.695
1123,1122.0,130345144843985.88
1124,1123.0,89079883805234.55
1125,1124.0,57698270135224.16
1126,1125.0,110996662494742.88
1127,1126.0,103830609286517.22
1128,1127.0,9050484566659.932
1129,1128.0,70501502978419.1
1130,1129.0,85429578240238.73
1131,1130.0,85433065826736.08
1132,1131.0,30381240554744.844
1133,1132.0,64300930149035.17
1134,1133.0,27819949308046.4
1135,1134.0,35835110538586.34
1136,1135.0,122672596899764.94
1137,1136.0,24316720885515.625
1138,1137.0,71412898425792.75
1139,1138.0,34516140344054.047
1140,1139.0,85351341356526.16
1141,1140.0,-14350198369216.99
1142,1141.0,14802598577353.588
1143,1142.0,29890056790130.93
1144,1143.0,23260414215109.45
1145,1144.0,-1344140366783.3755
1146,1145.0,70519191689074.67
1147,1146.0,96184197783086.9
1148,1147.0,112498266379698.23
1149,1148.0,38908571699827.4
1150,1149.0,54032835539956.26
1151,1150.0,84492662705652.77
1152,1151.0,86492012132462.56
1153,1152.0,41830541109809.64
1154,1153.0,39381343571153.89
1155,1154.0,37010749296418.04
1156,1155.0,59891798722928.45
1157,1156.0,109830446038495.56
1158,1157.0,85469152214820.75
1159,1158.0,35343120278742.266
1160,1159.0,52684086264376.07
1161,1160.0,7922333823873.398
1162,1161.0,9538374687702.922
1163,1162.0,17497959896964.994
1164,1163.0,37641594018206.375
1165,1164.0,46353905891592.49
1166,1165.0,59823117678928.336
1167,1166.0,15810026105477.2
1168,1167.0,108673007070165.02
1169,1168.0,36647352381247.93
1170,1169.0,33956646005934.758
1171,1170.0,117685721407233.6
1172,1171.0,29672341059966.83
1173,1172.0,107459526561706.9
1174,1173.0,132600859983794.4
1175,1174.0,69353961781126.26
1176,1175.0,13077770987915.482
1177,1176.0,77000763789423.62
1178,1177.0,66709875734292.266
1179,1178.0,61810084744042.586
1180,1179.0,60808855118243.125
1181,1180.0,-8884901926251.977
1182,1181.0,81561687628014.14
1183,1182.0,-1861060947652.5664
1184,1183.0,31446214556516.445
1185,1184.0,15071991063006.623
1186,1185.0,13923660033687.943
1187,1186.0,22615344910984.04
1188,1187.0,53997053729417.05
1189,1188.0,51970924123593.945
1190,1189.0,6110693836734.01
1191,1190.0,12936140212422.13
1192,1191.0,124717447722822.42
1193,1192.0,28206589570725.137
1194,1193.0,32358092353919.4
1195,1194.0,132295724517937.9
1196,1195.0,19999772698099.867
1197,1196.0,114294043345683.44
1198,1197.0,21957595223227.21
1199,1198.0,18960081471870.664
1200,1199.0,87657186140541.88
1201,1200.0,112475628565314.44
1202,1201.0,121783310414492.44
1203,1202.0,89081387785260.08
1204,1203.0,56935509134937.03
1205,1204.0,95837425093940.5
1206,1205.0,56267635925441.33
1207,1206.0,5324796172619.27
1208,1207.0,5787439195995.952
1209,1208.0,19262954498732.51
1210,1209.0,18814632993112.9
1211,1210.0,5787439195631.8125
1212,1211.0,52596122453057.56
1213,1212.0,94560239540263.16
1214,1213.0,97912287934148.42
1215,1214.0,14652429028088.314
1216,1215.0,9132562302066.34
1217,1216.0,62290992491773.09
1218,1217.0,20272427425346.715
1219,1218.0,68538722770804.65
1220,1219.0,55084797837705.305
1221,1220.0,109461342799566.52
1222,1221.0,62586188059755.08
1223,1222.0,34847185436357.22
1224,1223.0,46163448143783.78
1225,1224.0,29437704912311.348
1226,1225.0,18279726151092.71
1227,1226.0,129883443412551.31
1228,1227.0,24714896422517.74
1229,1228.0,19330552577615.47
1230,1229.0,162282218205959.66
1231,1230.0,10088322261880.674
1232,1231.0,15165023909440.102
1233,1232.0,21529492152731.043
1234,1233.0,13290321488968.098
1235,1234.0,10720217405716.516
1236,1235.0,9661956840036.133
1237,1236.0,12859037502327.947
1238,1237.0,58576922009298.77
1239,1238.0,79391456615083.55
1240,1239.0,33737078115009.82
1241,1240.0,19798714096130.18
1242,1241.0,11217067607752.936
1243,1242.0,48324769931402.39
1244,1243.0,62529307382219.74
1245,1244.0,44285070999203.28
1246,1245.0,10578055193330.623
1247,1246.0,18578230043945.45
1248,1247.0,55633975511744.34
1249,1248.0,47846483600892.05
1250,1249.0,50328919787295.375
1251,1250.0,109186069125119.77
1252,1251.0,108754347019118.0
1253,1252.0,13657868137929.049
1254,1253.0,8891406440684.924
1255,1254.0,29598547841219.727
1256,1255.0,-1810148070330.2893
1257,1256.0,16079239701659.822
1258,1257.0,26675145203753.984
1259,1258.0,77702065659757.25
1260,1259.0,53207832011557.18
1261,1260.0,59408376064592.7
1262,1261.0,21523260336740.008
1263,1262.0,57239358248420.01
1264,1263.0,55244094501632.67
1265,1264.0,62035424860753.766
1266,1265.0,41922660730345.74
1267,1266.0,86142853881841.7
1268,1267.0,32296757218725.188
1269,1268.0,28098426019306.465
1270,1269.0,57368897373230.59
1271,1270.0,40420905171356.06
1272,1271.0,12887176636846.03
1273,1272.0,85141427484857.3
1274,1273.0,34882818259738.48
1275,1274.0,83204712300388.98
1276,1275.0,21232363778473.664
1277,1276.0,38457827875494.66
1278,1277.0,27165207387383.293
1279,1278.0,76978468390541.94
1280,1279.0,9522968364612.326
1281,1280.0,64383812235634.56
1282,1281.0,37269885317500.09
1283,1282.0,63701637842794.75
1284,1283.0,71639885132635.61
1285,1284.0,63606654998146.28
1286,1285.0,51683897828167.47
1287,1286.0,56557128575960.1
1288,1287.0,49508177270938.3
1289,1288.0,40699369815525.78
1290,1289.0,-3026415629894.848
1291,1290.0,53204087769816.49
1292,1291.0,65333150257358.71
1293,1292.0,60747600179573.11
1294,1293.0,77011239341020.78
1295,1294.0,11224992640006.934
1296,1295.0,487446634877.4454
1297,1296.0,548704407946.0766
1298,1297.0,-5993503514105.755
1299,1298.0,31373305648571.79
1300,1299.0,11284876132068.695
1301,1300.0,52288202444093.29
1302,1301.0,62106036277161.92
1303,1302.0,101495965434436.05
1304,1303.0,55869194011013.0
1305,1304.0,90976361458473.12
1306,1305.0,39349494160312.33
1307,1306.0,33206760454440.87
1308,1307.0,26307598545175.73
1309,1308.0,63914346198921.23
1310,1309.0,62492395148813.31
1311,1310.0,35099209498409.656
1312,1311.0,71106525366162.94
1313,1312.0,21900716876370.625
1314,1313.0,36848236237333.6
1315,1314.0,35044448974660.15
1316,1315.0,38207891170100.0
1317,1316.0,24406654924292.82
1318,1317.0,-2956410730703.264
1319,1318.0,20251819009858.145
1320,1319.0,17585462744065.48
1321,1320.0,4499830858050.755
1322,1321.0,11399578121257.53
1323,1322.0,3975161952064.887
1324,1323.0,44959613648551.88
1325,1324.0,8152437905721.34
1326,1325.0,20373396689615.77
1327,1326.0,29915214317769.305
1328,1327.0,5294194195384.527
1329,1328.0,21480025169344.13
1330,1329.0,1513975289980.9314
1331,1330.0,8052781766308.617
1332,1331.0,9890514999846.824
1333,1332.0,18359007505084.08
1334,1333.0,25790594765462.38
1335,1334.0,4850996627585.128
1336,1335.0,3642222019192.56
1337,1336.0,33603393078663.16
1338,1337.0,12973307244185.664
1339,1338.0,8888709107607.9
1340,1339.0,8296672666682.561
1341,1340.0,30765380854001.14
1342,1341.0,40893360354821.3
1343,1342.0,37487142377327.95
1344,1343.0,64682362610177.9
1345,1344.0,32787085761687.0
1346,1345.0,6641533944697.338
1347,1346.0,34684246079295.312
1348,1347.0,61152113181360.07
1349,1348.0,36954609168354.17
1350,1349.0,60614522576570.8
1351,1350.0,16862048058249.52
1352,1351.0,63124571281048.87
1353,1352.0,38896071186822.0
1354,1353.0,69292667524578.5
1355,1354.0,5357439701774.251
1356,1355.0,64781884958697.1
1357,1356.0,-5724268633061.711
1358,1357.0,34296679223228.9
1359,1358.0,66504705627899.766
1360,1359.0,79554524375612.5
1361,1360.0,19969414972862.742
1362,1361.0,38158274750271.51
1363,1362.0,73156298841948.36
1364,1363.0,31258653471356.06
1365,1364.0,56708543398848.586
1366,1365.0,11023783837030.809
1367,1366.0,46085342127421.43
1368,1367.0,71249125209115.47
1369,1368.0,13968823232565.691
1370,1369.0,22127371361844.24
1371,1370.0,40829969637670.336
1372,1371.0,136389473103052.7
1373,1372.0,99677022641054.95
1374,1373.0,12789117180147.754
1375,1374.0,31672238225520.33
1376,1375.0,7545158035363.624
1377,1376.0,75817375339386.12
1378,1377.0,12340825986240.88
1379,1378.0,7538230999285.979
1380,1379.0,76502123642966.7
1381,1380.0,42580347969244.45
1382,1381.0,70038878772344.11
1383,1382.0,36736013393092.49
1384,1383.0,52109131052339.766
1385,1384.0,33112904313511.7
1386,1385.0,41210346107919.086
1387,1386.0,50823295308298.77
1388,1387.0,76334226082188.8
1389,1388.0,11593564873730.775
1390,1389.0,77742259350584.34
1391,1390.0,17186218182535.7
1392,1391.0,68000274646365.055
1393,1392.0,58358273250366.09
1394,1393.0,50563663168644.2
1395,1394.0,85297564167928.69
1396,1395.0,10042301445286.783
1397,1396.0,7635362352012.563
1398,1397.0,83387306816251.06
1399,1398.0,10320926708373.014
1400,1399.0,72967956328242.9
1401,1400.0,68939605084215.81
1402,1401.0,9074741892626.348
1403,1402.0,29508840256887.465
1404,1403.0,21522365430875.38
1405,1404.0,57992878652138.29
1406,1405.0,12803136699436.885
1407,1406.0,-362274518321.26447
1408,1407.0,7825416548977.341
1409,1408.0,15590269566998.754
1410,1409.0,79842921716808.2
1411,1410.0,79631820484979.6
1412,1411.0,-6097764118023.121
1413,1412.0,21857062898981.0
1414,1413.0,73608283588387.16
1415,1414.0,57557257199052.83
1416,1415.0,35597690976433.68
1417,1416.0,25856823965653.49
1418,1417.0,8622621919930.727
1419,1418.0,53269386119802.87
1420,1419.0,31282127922820.715
1421,1420.0,13793658271096.207
1422,1421.0,60129397902560.586
1423,1422.0,52202298338089.67
1424,1423.0,18960411472289.76
1425,1424.0,25539828536081.824
1426,1425.0,75126756825803.92
1427,1426.0,28085524040270.92
1428,1427.0,31534108299805.09
1429,1428.0,4470970186063.427
1430,1429.0,-1717833244349.2957
1431,1430.0,12302323801464.527
1432,1431.0,16891906664302.145
1433,1432.0,21868427088871.15
1434,1433.0,6315154601953.781
1435,1434.0,138371423395023.1
1436,1435.0,130411682224973.2
1437,1436.0,78142695823078.73
1438,1437.0,29615518362918.58
1439,1438.0,24316720887667.75
1440,1439.0,54406932327595.01
1441,1440.0,87823256092055.88
1442,1441.0,91933359174050.48
1443,1442.0,130246720526930.16
1444,1443.0,128173139850574.69
1445,1444.0,-1184671786466649.5
1446,1445.0,101940234322345.02
1447,1446.0,9338134249245.648
1448,1447.0,33893795125132.777
1449,1448.0,38795051489633.48
1450,1449.0,31392065377868.81
1451,1450.0,14802598578205.47
1452,1451.0,24749447596692.598
1453,1452.0,24798198875133.05
1454,1453.0,-1344140368158.7473
1455,1454.0,-1344140366826.9998
1456,1455.0,14802598577966.75
1457,1456.0,94565825727830.38
1458,1457.0,31218296347458.48
1459,1458.0,63761462943116.34
